{
    "m_BedOwner": "3qor-_L32_5v-6SwsE0dJJzXcbCIbrt6kNzzDagyhYY=",
    "m_BedPos": [
        7947.63818359375,
        181.61843872070313,
        11960.560546875
    ],
    "m_RespawnTime": 0,
    "m_BRUsesLeft": 50
}