{
    "m_BedOwner": "3qor-_L32_5v-6SwsE0dJJzXcbCIbrt6kNzzDagyhYY=",
    "m_BedPos": [
        7965.38232421875,
        187.85098266601563,
        11946.896484375
    ],
    "m_RespawnTime": 0,
    "m_BRUsesLeft": 50
}