{
    "m_BedOwner": "3qor-_L32_5v-6SwsE0dJJzXcbCIbrt6kNzzDagyhYY=",
    "m_BedPos": [
        4470.0107421875,
        320.54107666015627,
        8787.9580078125
    ],
    "m_RespawnTime": 0,
    "m_BRUsesLeft": 0
}