{
    "m_BedOwner": "Aw16NGtS-uLDKPFORjcIMSi8CWJYIxRr-5xa68DXtrY=",
    "m_BedPos": [
        7969.2177734375,
        187.8592987060547,
        11953.4423828125
    ],
    "m_RespawnTime": 0,
    "m_BRUsesLeft": 50
}