{
    "m_BedOwner": "Aw16NGtS-uLDKPFORjcIMSi8CWJYIxRr-5xa68DXtrY=",
    "m_BedPos": [
        7952.5205078125,
        181.71145629882813,
        11971.3505859375
    ],
    "m_RespawnTime": 0,
    "m_BRUsesLeft": 0
}