{
    "m_BedOwner": "Aw16NGtS-uLDKPFORjcIMSi8CWJYIxRr-5xa68DXtrY=",
    "m_BedPos": [
        7945.865234375,
        181.71449279785157,
        11971.28515625
    ],
    "m_RespawnTime": 0,
    "m_BRUsesLeft": 50
}