{
  "m_Version": 10,
  "Enabled": 1,
  "FrameRateCheckSafeZoneInMs": 0,
  "CircleZones": [
    {
      "Center": [
        3728.27002,
        403,
        6003.6001
      ],
      "Radius": 500
    },
    {
      "Center": [
        1143.14001,
        6.9000001,
        2423.27002
      ],
      "Radius": 250
    }
  ],
  "PolygonZones": [
    {
      "Positions": [
        [
          12288.9004,
          142.399994,
          12804.4004
        ],
        [
          12068.4004,
          139.800003,
          12923.4004
        ],
        [
          11680.5996,
          141.100006,
          12650.5996
        ],
        [
          11805.2998,
          146.300003,
          12258.9004
        ],
        [
          12327.7002,
          140,
          12453.7998
        ]
      ],
      "RadiusPolygon": 0
    }
  ],
  "CylinderZones": [],
  "ActorsPerTick": 5,
  "DisableVehicleDamageInSafeZone": 1,
  "EnableForceSZCleanup": 1,
  "ItemLifetimeInSafeZone": 900.0,
  "EnableForceSZCleanupVehicles": 0,
  "VehicleLifetimeInSafeZone": 3600.0,
  "ForceSZCleanup_ExcludedItems": [
    "CarCoverBase",
    "ExpansionVehicleCover"
  ]
}